county,split
Cherry,development
Douglas,development
Keith,development
Saunders,development
Sheridan,development
Antelope,validation
Buffalo,validation
Butler,validation
Dakota,validation
Dawes,validation
Furnas,validation
Greeley,validation
Hitchcock,validation
Howard,validation
Kearney,validation
Kimball,validation
Knox,validation
Lincoln,validation
Nance,validation
Perkins,validation
Red Willow,validation
Seward,validation
Valley,validation
Wayne,validation
York,validation
