unit_label,document_title,year_or_horizon,jurisdiction_in_document,format,page_count,split,archived_source_path,selection_record,verification_note
Cherry,Cherry County Comprehensive Development Plan,2000,county,PDF,97,development,NE_Plans/20_county/train_set/Cherry.pdf,Archived directory assignment; randomization script and seed not recovered,title page; amended 8/8/2000
Douglas,Douglas County Comprehensive Development Plan,2006,county,PDF,122,development,NE_Plans/20_county/train_set/Douglas.pdf,Archived directory assignment; randomization script and seed not recovered,title page
Keith,"The Keith County Plan: A Comprehensive Plan for Keith County, Nebraska",2003,county,PDF,110,development,NE_Plans/20_county/train_set/Keith.pdf,Archived directory assignment; randomization script and seed not recovered,title page
Saunders,"Saunders County, Nebraska Comprehensive Development Plan",2004,county,PDF,112,development,NE_Plans/20_county/train_set/Saunders.pdf,Archived directory assignment; randomization script and seed not recovered,title page
Sheridan,"Sheridan County, NE Comprehensive Plan",2014,county,PDF,274,development,NE_Plans/20_county/train_set/Sheridan.pdf,Archived directory assignment; randomization script and seed not recovered,title page
Antelope,"Comprehensive Plan of Antelope County, Nebraska",2012,county,PDF,63,validation,NE_Plans/20_county/test_set/Antelope.pdf,Archived directory assignment; randomization script and seed not recovered,title page states amended July 2012
Buffalo,"Buffalo County, Nebraska Comprehensive Plan Update",2022,county,PDF,85,validation,NE_Plans/20_county/test_set/Buffalo.pdf,Archived directory assignment; randomization script and seed not recovered,title page
Butler,Butler County Comprehensive Plan,2007-2020,county,PDF,78,validation,NE_Plans/20_county/test_set/Butler.pdf,Archived directory assignment; randomization script and seed not recovered,title-page planning period
Dakota,Dakota County Comprehensive Plan,2014,county,PDF,91,validation,NE_Plans/20_county/test_set/Dakota.pdf,Archived directory assignment; randomization script and seed not recovered,title page
Dawes,Dawes County Comprehensive Plan,not reliably recovered,county,PDF,96,validation,NE_Plans/20_county/test_set/Dawes.pdf,Archived directory assignment; randomization script and seed not recovered,year illegible in extracted title page
Furnas,"Furnas County, Nebraska Comprehensive Development Plan",2016,county,PDF,116,validation,NE_Plans/20_county/test_set/Furnas.pdf,Archived directory assignment; randomization script and seed not recovered,title page
Greeley,"Greeley County, Nebraska Comprehensive Plan",2015,county,PDF,83,validation,NE_Plans/20_county/test_set/Greeley.pdf,Archived directory assignment; randomization script and seed not recovered,prepared April 2015; plan horizon 2025
Hitchcock,Hitchcock County Comprehensive Development Plan,2001,county,PDF,158,validation,NE_Plans/20_county/test_set/Hitchcock.pdf,Archived directory assignment; randomization script and seed not recovered,title page states adopted 2001
Howard,"Howard County & Communities, Nebraska Comprehensive Plan",2015,county and communities,PDF,141,validation,NE_Plans/20_county/test_set/Howard.pdf,Archived directory assignment; randomization script and seed not recovered,document metadata/title; plan horizon 2025
Kearney,Kearney County/Community Comprehensive Plan,2010,county and communities,PDF,83,validation,NE_Plans/20_county/test_set/Kearney.pdf,Archived directory assignment; randomization script and seed not recovered,running title
Kimball,"Kimball, Nebraska Comprehensive Planning Program",2024,city,PDF,123,validation,NE_Plans/20_county/test_set/Kimball.pdf,Archived directory assignment; randomization script and seed not recovered,archived PDF title page identifies Kimball city plan
Knox,Knox County Comprehensive Plan,not reliably recovered,county,PDF,105,validation,NE_Plans/20_county/test_set/Knox.pdf,Archived directory assignment; randomization script and seed not recovered,title/year not present in extracted opening pages
Lincoln,"Lincoln County, Nebraska Comprehensive Development Plan Update",2012-2030,county,PDF,190,validation,NE_Plans/20_county/test_set/Lincoln.pdf,Archived directory assignment; randomization script and seed not recovered,title page
Nance,"Nance County, Nebraska Comprehensive Plan",2022,county,PDF,109,validation,NE_Plans/20_county/test_set/Nance.pdf,Archived directory assignment; randomization script and seed not recovered,title page
Perkins,"Perkins County, Nebraska Comprehensive Plan",2013,county,PDF,104,validation,NE_Plans/20_county/test_set/Perkins.pdf,Archived directory assignment; randomization script and seed not recovered,title page
Red Willow,Red Willow County comprehensive plan (archived filename),not reliably recovered,county label,PDF,77,validation,NE_Plans/20_county/test_set/Red Willow.pdf,Archived directory assignment; randomization script and seed not recovered,opening pages contain no extractable text
Seward,Seward County Comprehensive Development Plan Update,2007-2030,county,PDF,175,validation,NE_Plans/20_county/test_set/Seward.pdf,Archived directory assignment; randomization script and seed not recovered,title page
Valley,"Comprehensive Plan - Valley County, Nebraska",2014,county,PDF,53,validation,NE_Plans/20_county/test_set/Valley.pdf,Archived directory assignment; randomization script and seed not recovered,running title
Wayne,"City of Wayne, Nebraska Comprehensive Plan",2017-2027,city,PDF,156,validation,NE_Plans/20_county/test_set/Wayne.pdf,Archived directory assignment; randomization script and seed not recovered,archived PDF title page identifies Wayne city plan
York,"Comprehensive Plan - York County, Nebraska",2013,county,PDF,74,validation,NE_Plans/20_county/test_set/York.pdf,Archived directory assignment; randomization script and seed not recovered,running title
